{
  "03- Comprar passagem" : {
    "transaction" : "03- Comprar passagem",
    "sampleCount" : 16303,
    "errorCount" : 640,
    "errorPct" : 3.9256577,
    "meanResTime" : 4055.9243084094965,
    "medianResTime" : 340.0,
    "minResTime" : 173.0,
    "maxResTime" : 1015629.0,
    "pct1ResTime" : 801.6000000000004,
    "pct2ResTime" : 2181.7999999999993,
    "pct3ResTime" : 7937.159999999982,
    "throughput" : 10.447198807572377,
    "receivedKBytesPerSec" : 25.366842271200387,
    "sentKBytesPerSec" : 7.319102872515082
  },
  "04-Confirmar compra" : {
    "transaction" : "04-Confirmar compra",
    "sampleCount" : 15576,
    "errorCount" : 549,
    "errorPct" : 3.5246532,
    "meanResTime" : 606.8025166923459,
    "medianResTime" : 339.0,
    "minResTime" : 172.0,
    "maxResTime" : 10574.0,
    "pct1ResTime" : 785.3000000000011,
    "pct2ResTime" : 1798.5999999999985,
    "pct3ResTime" : 6228.909999999993,
    "throughput" : 26.53641516473669,
    "receivedKBytesPerSec" : 59.62384510915861,
    "sentKBytesPerSec" : 21.172120302333862
  },
  "Total" : {
    "transaction" : "Total",
    "sampleCount" : 67525,
    "errorCount" : 2426,
    "errorPct" : 3.5927434,
    "meanResTime" : 5977.005982969286,
    "medianResTime" : 379.0,
    "minResTime" : 172.0,
    "maxResTime" : 1015629.0,
    "pct1ResTime" : 3649.0,
    "pct2ResTime" : 64999.15000000001,
    "pct3ResTime" : 326902.87,
    "throughput" : 43.04906605361992,
    "receivedKBytesPerSec" : 97.56621040195174,
    "sentKBytesPerSec" : 27.808860786994625
  },
  "02- Reservar" : {
    "transaction" : "02- Reservar",
    "sampleCount" : 17155,
    "errorCount" : 581,
    "errorPct" : 3.3867676,
    "meanResTime" : 1375.9019527834519,
    "medianResTime" : 342.0,
    "minResTime" : 173.0,
    "maxResTime" : 392390.0,
    "pct1ResTime" : 1093.3999999999996,
    "pct2ResTime" : 3435.3999999999924,
    "pct3ResTime" : 9428.119999999937,
    "throughput" : 26.139837081236916,
    "receivedKBytesPerSec" : 58.6502327091187,
    "sentKBytesPerSec" : 17.05614429498627
  },
  "01- Blazedemo Home" : {
    "transaction" : "01- Blazedemo Home",
    "sampleCount" : 18491,
    "errorCount" : 656,
    "errorPct" : 3.5476718,
    "meanResTime" : 16463.059921042714,
    "medianResTime" : 1108.0,
    "minResTime" : 363.0,
    "maxResTime" : 525486.0,
    "pct1ResTime" : 31992.8,
    "pct2ResTime" : 131431.8,
    "pct3ResTime" : 278050.9199999999,
    "throughput" : 27.02039205944457,
    "receivedKBytesPerSec" : 58.39969898925599,
    "sentKBytesPerSec" : 12.533873269761886
  }
}