{
  "03- Comprar passagem" : {
    "transaction" : "03- Comprar passagem",
    "sampleCount" : 3395,
    "errorCount" : 31,
    "errorPct" : 0.9131075,
    "meanResTime" : 2657.939322533137,
    "medianResTime" : 326.0,
    "minResTime" : 175.0,
    "maxResTime" : 985424.0,
    "pct1ResTime" : 468.0,
    "pct2ResTime" : 554.1999999999998,
    "pct3ResTime" : 903.1199999999999,
    "throughput" : 2.757945034439788,
    "receivedKBytesPerSec" : 6.874622730940325,
    "sentKBytesPerSec" : 1.9346106057812051
  },
  "04-Confirmar compra" : {
    "transaction" : "04-Confirmar compra",
    "sampleCount" : 3343,
    "errorCount" : 22,
    "errorPct" : 0.65809155,
    "meanResTime" : 364.17439425665617,
    "medianResTime" : 331.0,
    "minResTime" : 173.0,
    "maxResTime" : 2426.0,
    "pct1ResTime" : 469.5999999999999,
    "pct2ResTime" : 550.0,
    "pct3ResTime" : 811.2399999999998,
    "throughput" : 5.627084066245743,
    "receivedKBytesPerSec" : 12.983553208809761,
    "sentKBytesPerSec" : 4.48957781457302
  },
  "Total" : {
    "transaction" : "Total",
    "sampleCount" : 22554,
    "errorCount" : 350,
    "errorPct" : 1.5518311,
    "meanResTime" : 1341.0370222576873,
    "medianResTime" : 455.5,
    "minResTime" : 173.0,
    "maxResTime" : 985424.0,
    "pct1ResTime" : 1391.0,
    "pct2ResTime" : 3577.9500000000007,
    "pct3ResTime" : 16109.990000000002,
    "throughput" : 18.192993834031885,
    "receivedKBytesPerSec" : 41.471778441223655,
    "sentKBytesPerSec" : 10.990873361156417
  },
  "02- Reservar" : {
    "transaction" : "02- Reservar",
    "sampleCount" : 6576,
    "errorCount" : 110,
    "errorPct" : 1.6727494,
    "meanResTime" : 405.8515815085162,
    "medianResTime" : 332.0,
    "minResTime" : 174.0,
    "maxResTime" : 2226.0,
    "pct1ResTime" : 594.0,
    "pct2ResTime" : 851.0,
    "pct3ResTime" : 1454.4599999999991,
    "throughput" : 10.96078552296248,
    "receivedKBytesPerSec" : 24.986422855096283,
    "sentKBytesPerSec" : 7.151576982808768
  },
  "01- Blazedemo Home" : {
    "transaction" : "01- Blazedemo Home",
    "sampleCount" : 9240,
    "errorCount" : 187,
    "errorPct" : 2.0238094,
    "meanResTime" : 1876.1612554112537,
    "medianResTime" : 695.0,
    "minResTime" : 373.0,
    "maxResTime" : 32268.0,
    "pct1ResTime" : 3624.0,
    "pct2ResTime" : 7890.949999999999,
    "pct3ResTime" : 16236.54,
    "throughput" : 15.24352521368156,
    "receivedKBytesPerSec" : 33.40067398261017,
    "sentKBytesPerSec" : 7.070971168455801
  }
}